-- =====================================================
-- 注意：此脚本假设 V1, V2, V3 已正确执行
-- 修正：确保外键约束满足，调整插入顺序
-- =====================================================

-- =====================================================
-- 1. 用户数据（先插入 users）
-- =====================================================
-- 管理员密码: 123456 -> $2a$10$BDa2cguY.TJf1/FCklZZMOtPOlYas3DtECqpMv5WaQfCyD4vlPfma
-- 教师密码: 123456 -> $2a$10$KPBBw70QGBN509MBoC4aF.ZxOJiX.754fCyXrBnlSnskpnfureKBa
-- 学生密码: 123456 -> $2a$10$vumV2Wy6uQYcCABphRlwTucCO0QX2jumz3k6kDuoBm2zvHi2NE6W2
INSERT INTO users (id, username, password, name, role, gender, email, phone, status, last_login_time, created_at, updated_at) VALUES
(1, 'admin', '$2a$10$BDa2cguY.TJf1/FCklZZMOtPOlYas3DtECqpMv5WaQfCyD4vlPfma', '系统管理员', 'ADMIN', '男', 'admin@school.com', '13800000000', 'ACTIVE', '2026-04-26 08:30:00', '2024-09-01 00:00:00', '2026-04-26 08:30:00'),
(2, 'teacher1', '$2a$10$KPBBw70QGBN509MBoC4aF.ZxOJiX.754fCyXrBnlSnskpnfureKBa', '张明', 'TEACHER', '男', 'zhang.ming@school.com', '13800000001', 'ACTIVE', '2026-04-26 08:30:00', '2024-09-01 00:00:00', '2026-04-26 08:30:00'),
(3, 'teacher2', '$2a$10$KPBBw70QGBN509MBoC4aF.ZxOJiX.754fCyXrBnlSnskpnfureKBa', '李芳', 'TEACHER', '女', 'li.fang@school.com', '13800000002', 'ACTIVE', '2026-04-25 09:00:00', '2024-09-01 00:00:00', '2026-04-25 09:00:00'),
(4, 'teacher3', '$2a$10$KPBBw70QGBN509MBoC4aF.ZxOJiX.754fCyXrBnlSnskpnfureKBa', '王丽', 'TEACHER', '女', 'wang.li@school.com', '13800000003', 'ACTIVE', '2026-04-24 16:30:00', '2024-09-01 00:00:00', '2026-04-24 16:30:00'),
(5, 'student1', '$2a$10$vumV2Wy6uQYcCABphRlwTucCO0QX2jumz3k6kDuoBm2zvHi2NE6W2', '王小明', 'STUDENT', '男', 'wang.xiaoming@school.com', '13800000011', 'ACTIVE', '2026-04-26 10:15:00', '2024-09-01 00:00:00', '2026-04-26 10:15:00'),
(6, 'student2', '$2a$10$vumV2Wy6uQYcCABphRlwTucCO0QX2jumz3k6kDuoBm2zvHi2NE6W2', '李小萌', 'STUDENT', '女', 'li.xiaomeng@school.com', '13800000012', 'ACTIVE', '2026-04-26 09:45:00', '2024-09-01 00:00:00', '2026-04-26 09:45:00'),
(7, 'student3', '$2a$10$vumV2Wy6uQYcCABphRlwTucCO0QX2jumz3k6kDuoBm2zvHi2NE6W2', '张伟', 'STUDENT', '男', 'zhang.wei@school.com', '13800000013', 'ACTIVE', '2026-04-25 08:50:00', '2024-09-01 00:00:00', '2026-04-25 08:50:00'),
(8, 'student4', '$2a$10$vumV2Wy6uQYcCABphRlwTucCO0QX2jumz3k6kDuoBm2zvHi2NE6W2', '刘婷', 'STUDENT', '女', 'liu.ting@school.com', '13800000014', 'ACTIVE', '2026-04-26 14:20:00', '2024-09-01 00:00:00', '2026-04-26 14:20:00'),
(9, 'student5', '$2a$10$vumV2Wy6uQYcCABphRlwTucCO0QX2jumz3k6kDuoBm2zvHi2NE6W2', '陈晨', 'STUDENT', '男', 'chen.chen@school.com', '13800000015', 'ACTIVE', '2026-04-25 11:00:00', '2024-09-01 00:00:00', '2026-04-25 11:00:00'),
(10, 'student6', '$2a$10$vumV2Wy6uQYcCABphRlwTucCO0QX2jumz3k6kDuoBm2zvHi2NE6W2', '赵小薇', 'STUDENT', '女', 'zhao.xiaowei@school.com', '13800000016', 'ACTIVE', '2026-04-26 10:30:00', '2024-09-01 00:00:00', '2026-04-26 10:30:00'),
(11, 'student7', '$2a$10$vumV2Wy6uQYcCABphRlwTucCO0QX2jumz3k6kDuoBm2zvHi2NE6W2', '周小杰', 'STUDENT', '男', 'zhou.xiaojie@school.com', '13800000017', 'ACTIVE', '2026-04-24 15:45:00', '2024-09-01 00:00:00', '2026-04-24 15:45:00'),
(12, 'student8', '$2a$10$vumV2Wy6uQYcCABphRlwTucCO0QX2jumz3k6kDuoBm2zvHi2NE6W2', '吴迪', 'STUDENT', '男', 'wu.di@school.com', '13800000018', 'ACTIVE', '2026-04-26 09:15:00', '2024-09-01 00:00:00', '2026-04-26 09:15:00'),
(13, 'student9', '$2a$10$vumV2Wy6uQYcCABphRlwTucCO0QX2jumz3k6kDuoBm2zvHi2NE6W2', '郑爽', 'STUDENT', '女', 'zheng.shuang@school.com', '13800000019', 'ACTIVE', '2026-04-25 13:30:00', '2024-09-01 00:00:00', '2026-04-25 13:30:00'),
(14, 'student10', '$2a$10$vumV2Wy6uQYcCABphRlwTucCO0QX2jumz3k6kDuoBm2zvHi2NE6W2', '林晨', 'STUDENT', '男', 'lin.chen@school.com', '13800000020', 'ACTIVE', '2026-04-26 08:20:00', '2024-09-01 00:00:00', '2026-04-26 08:20:00'),
(15, 'student11', '$2a$10$vumV2Wy6uQYcCABphRlwTucCO0QX2jumz3k6kDuoBm2zvHi2NE6W2', '郭静', 'STUDENT', '女', 'guo.jing@school.com', '13800000021', 'ACTIVE', '2026-04-26 10:00:00', '2024-09-01 00:00:00', '2026-04-26 10:00:00'),
(16, 'student12', '$2a$10$vumV2Wy6uQYcCABphRlwTucCO0QX2jumz3k6kDuoBm2zvHi2NE6W2', '唐雅', 'STUDENT', '女', 'tang.ya@school.com', '13800000022', 'ACTIVE', '2026-04-25 11:20:00', '2024-09-01 00:00:00', '2026-04-25 11:20:00');

-- =====================================================
-- 2. 教师扩展数据（必须先于 classes）
-- =====================================================
INSERT INTO teacher (id, user_id, teacher_no, department, title, office, join_date) VALUES
(1, 2, 'T20240001', '计算机学院', '副教授', '信息楼301', '2015-09-01'),
(2, 3, 'T20240002', '数学学院', '讲师', '数学楼205', '2018-09-01'),
(3, 4, 'T20240003', '软件学院', '教授', '信息楼302', '2010-09-01');

-- =====================================================
-- 3. 班级数据（teacher_id 现在存在了）
-- =====================================================
INSERT INTO classes (id, name, grade, teacher_id, created_at) VALUES
(1, '计算机1班', '大一', 1, '2024-09-01 00:00:00'),
(2, '计算机2班', '大一', 3, '2024-09-01 00:00:00'),
(3, '数学1班', '大一', 2, '2024-09-01 00:00:00');

-- =====================================================
-- 4. 学生扩展数据
-- =====================================================
INSERT INTO student (id, user_id, student_no, class_id, grade) VALUES
(1, 5, 'S20240001', 1, '大一'),
(2, 6, 'S20240002', 1, '大一'),
(3, 7, 'S20240003', 1, '大一'),
(4, 8, 'S20240004', 1, '大一'),
(5, 9, 'S20240005', 1, '大一'),
(6, 10, 'S20240006', 2, '大一'),
(7, 11, 'S20240007', 2, '大一'),
(8, 12, 'S20240008', 2, '大一'),
(9, 13, 'S20240009', 2, '大一'),
(10, 14, 'S20240010', 2, '大一'),
(11, 15, 'S20240011', 3, '大一'),
(12, 16, 'S20240012', 3, '大一');

-- =====================================================
-- 5. 课程数据
-- =====================================================
INSERT INTO course (id, name, description, teacher_id, credit, status, created_at) VALUES
(1, 'Java程序设计', 'Java基础与面向对象编程', 1, 4, 'ONGOING', '2024-09-01 00:00:00'),
(2, '数据库原理', 'MySQL数据库设计与应用', 3, 3, 'ONGOING', '2024-09-01 00:00:00'),
(3, '高等数学', '微积分与线性代数基础', 2, 4, 'ONGOING', '2024-09-01 00:00:00'),
(4, 'Web前端开发', 'HTML/CSS/JavaScript基础', 1, 3, 'ONGOING', '2024-09-01 00:00:00'),
(5, '数据结构', '线性表、树、图等数据结构', 3, 4, 'ONGOING', '2024-09-01 00:00:00');

-- =====================================================
-- 6. 学期数据
-- =====================================================
INSERT INTO semester (id, name, start_date, end_date, is_current) VALUES
(1, '2025-2026学年第一学期', '2025-09-01', '2026-01-15', 0),
(2, '2025-2026学年第二学期', '2026-03-01', '2026-07-10', 1);

-- =====================================================
-- 7. 知识点数据
-- =====================================================
INSERT INTO knowledge_point (id, name, description, course_id, parent_id, level, sort_order) VALUES
(1, 'Java基础语法', '变量、数据类型、运算符、流程控制', 1, NULL, 0, 1),
(2, '面向对象编程', '类、对象、继承、多态、封装', 1, NULL, 0, 2),
(3, '异常处理', 'try-catch-finally、异常类型', 1, NULL, 0, 3),
(4, '集合框架', 'List、Set、Map及常用实现类', 1, NULL, 0, 4),
(5, 'IO流', '文件读写、字节流、字符流', 1, NULL, 0, 5),
(6, 'SQL基础', '增删改查语句', 2, NULL, 0, 1),
(7, '多表查询', 'JOIN、子查询、联合查询', 2, NULL, 0, 2),
(8, '索引与优化', '索引类型、执行计划', 2, NULL, 0, 3),
(9, '事务管理', 'ACID特性、隔离级别', 2, NULL, 0, 4),
(10, '函数与极限', '函数概念、极限计算', 3, NULL, 0, 1),
(11, '导数与微分', '导数定义、求导法则', 3, NULL, 0, 2),
(12, '不定积分', '积分公式、换元积分', 3, NULL, 0, 3),
(13, '定积分', '定积分计算、应用', 3, NULL, 0, 4);

-- =====================================================
-- 8. 选课记录
-- =====================================================
INSERT INTO enrollment (id, student_id, course_id, semester_id, progress, score, status, enrolled_at) VALUES
(1, 1, 1, 2, 75, NULL, 'ONGOING', '2026-03-05 10:00:00'),
(2, 1, 2, 2, 68, NULL, 'ONGOING', '2026-03-05 10:00:00'),
(3, 1, 4, 2, 80, NULL, 'ONGOING', '2026-03-05 10:00:00'),
(4, 2, 1, 2, 82, NULL, 'ONGOING', '2026-03-05 10:00:00'),
(5, 2, 2, 2, 70, NULL, 'ONGOING', '2026-03-05 10:00:00'),
(6, 2, 5, 2, 65, NULL, 'ONGOING', '2026-03-05 10:00:00'),
(7, 3, 1, 2, 60, NULL, 'ONGOING', '2026-03-05 10:00:00'),
(8, 3, 3, 2, 55, NULL, 'ONGOING', '2026-03-05 10:00:00'),
(9, 3, 4, 2, 70, NULL, 'ONGOING', '2026-03-05 10:00:00'),
(10, 4, 1, 2, 88, NULL, 'ONGOING', '2026-03-05 10:00:00'),
(11, 4, 2, 2, 85, NULL, 'ONGOING', '2026-03-05 10:00:00'),
(12, 4, 5, 2, 90, NULL, 'ONGOING', '2026-03-05 10:00:00'),
(13, 5, 1, 2, 72, NULL, 'ONGOING', '2026-03-05 10:00:00'),
(14, 5, 3, 2, 78, NULL, 'ONGOING', '2026-03-05 10:00:00'),
(15, 6, 1, 2, 85, NULL, 'ONGOING', '2026-03-05 10:00:00'),
(16, 6, 2, 2, 78, NULL, 'ONGOING', '2026-03-05 10:00:00'),
(17, 6, 4, 2, 82, NULL, 'ONGOING', '2026-03-05 10:00:00'),
(18, 7, 1, 2, 68, NULL, 'ONGOING', '2026-03-05 10:00:00'),
(19, 7, 5, 2, 60, NULL, 'ONGOING', '2026-03-05 10:00:00'),
(20, 8, 2, 2, 92, NULL, 'ONGOING', '2026-03-05 10:00:00'),
(21, 8, 4, 2, 88, NULL, 'ONGOING', '2026-03-05 10:00:00'),
(22, 9, 1, 2, 70, NULL, 'ONGOING', '2026-03-05 10:00:00'),
(23, 9, 3, 2, 65, NULL, 'ONGOING', '2026-03-05 10:00:00'),
(24, 10, 1, 2, 78, NULL, 'ONGOING', '2026-03-05 10:00:00'),
(25, 10, 2, 2, 82, NULL, 'ONGOING', '2026-03-05 10:00:00'),
(26, 11, 3, 2, 88, NULL, 'ONGOING', '2026-03-05 10:00:00'),
(27, 11, 2, 2, 75, NULL, 'ONGOING', '2026-03-05 10:00:00'),
(28, 12, 3, 2, 92, NULL, 'ONGOING', '2026-03-05 10:00:00'),
(29, 12, 1, 2, 70, NULL, 'ONGOING', '2026-03-05 10:00:00');

-- =====================================================
-- 9. 作业数据
-- =====================================================
INSERT INTO homework (id, name, description, knowledge_point_ids, course_id, question_count, total_score, status, deadline, created_at, avg_score, pass_rate) VALUES
(1, 'Java作业1：基础语法练习', '变量定义、循环语句、条件判断练习', '[1]', 1, 10, 100, 'COMPLETED', '2026-03-20 23:59:59', '2026-03-10 10:00:00', 82.8, 90.00),
(2, 'Java作业2：面向对象编程', '类和对象的定义、继承与多态', '[2]', 1, 8, 100, 'COMPLETED', '2026-04-05 23:59:59', '2026-03-25 10:00:00', 83.25, 100.00),
(3, 'Java作业3：集合框架', 'List、Set、Map的使用', '[4]', 1, 6, 100, 'ONGOING', '2026-04-30 23:59:59', '2026-04-15 10:00:00', NULL, NULL),
(4, 'SQL作业1：基础查询', 'SELECT、WHERE、ORDER BY练习', '[6]', 2, 10, 100, 'COMPLETED', '2026-03-25 23:59:59', '2026-03-15 10:00:00', 88.75, 100.00),
(5, 'SQL作业2：多表查询', 'JOIN、子查询练习', '[7]', 2, 8, 100, 'ONGOING', '2026-04-28 23:59:59', '2026-04-18 10:00:00', NULL, NULL),
(6, '高数作业1：极限计算', '极限的定义与计算方法', '[10]', 3, 10, 100, 'COMPLETED', '2026-03-30 23:59:59', '2026-03-20 10:00:00', 82.00, 100.00),
(7, '高数作业2：导数', '导数的计算与应用', '[11]', 3, 8, 100, 'ONGOING', '2026-04-25 23:59:59', '2026-04-10 10:00:00', NULL, NULL);

-- =====================================================
-- 10. 作业提交记录
-- =====================================================
INSERT INTO submission (id, homework_id, student_id, content, attachments, score, feedback, status, submitted_at, graded_at) VALUES
(1, 1, 1, '已完成所有题目', 'java_hw1_student1.zip', 85, '代码规范，逻辑清晰', 'GRADED', '2026-03-18 20:30:00', '2026-03-21 14:00:00'),
(2, 1, 2, '已完成', 'java_hw1_student2.zip', 78, '基本完成', 'GRADED', '2026-03-19 15:20:00', '2026-03-21 14:30:00'),
(3, 1, 4, '已完成', 'java_hw1_student4.zip', 92, '优秀', 'GRADED', '2026-03-18 10:15:00', '2026-03-21 13:30:00'),
(4, 1, 6, '已完成', 'java_hw1_student6.zip', 88, '很好', 'GRADED', '2026-03-18 22:00:00', '2026-03-21 14:15:00'),
(5, 2, 1, '已完成', 'java_hw2_student1.zip', 82, '继承理解良好', 'GRADED', '2026-04-03 19:00:00', '2026-04-06 10:00:00'),
(6, 2, 2, '已完成', 'java_hw2_student2.zip', 75, '多态部分需加强', 'GRADED', '2026-04-04 16:00:00', '2026-04-06 10:30:00'),
(7, 2, 4, '已完成', 'java_hw2_student4.zip', 90, '优秀', 'GRADED', '2026-04-03 14:00:00', '2026-04-06 09:30:00'),
(8, 4, 1, 'SQL查询练习完成', 'sql_hw1_student1.sql', 88, '查询语句写得好', 'GRADED', '2026-03-23 21:00:00', '2026-03-26 09:00:00'),
(9, 4, 4, '已完成', 'sql_hw1_student4.sql', 94, '非常优秀', 'GRADED', '2026-03-22 15:00:00', '2026-03-26 08:30:00'),
(10, 6, 11, '极限计算练习', 'math_hw1_student11.pdf', 88, '优秀', 'GRADED', '2026-03-28 09:00:00', '2026-03-31 13:30:00'),
(11, 6, 12, '已完成', 'math_hw1_student12.pdf', 92, '非常优秀', 'GRADED', '2026-03-27 16:00:00', '2026-03-31 13:00:00');

-- =====================================================
-- 11. 考试数据
-- =====================================================
INSERT INTO exam (id, name, type, knowledge_point_ids, class_id, course_id, exam_date, start_time, end_time, duration, full_score, pass_score, location, status, description, created_at, class_avg_score, highest_score, lowest_score) VALUES
(1, 'Java期中考试', 'MIDTERM', '[1,2,3,4]', 1, 1, '2026-04-10', '09:00:00', '11:00:00', 120, 100, 60, '信息楼101', 'COMPLETED', 'Java基础知识与面向对象', '2026-03-20 10:00:00', 79.0, 92, 68),
(2, 'Java期中考试', 'MIDTERM', '[1,2,3,4]', 2, 1, '2026-04-11', '14:00:00', '16:00:00', 120, 100, 60, '信息楼102', 'COMPLETED', 'Java基础知识与面向对象', '2026-03-20 10:00:00', 78.6, 94, 65),
(3, '数据库期中考试', 'MIDTERM', '[6,7,8]', 1, 2, '2026-04-12', '09:00:00', '10:40:00', 100, 100, 60, '信息楼103', 'COMPLETED', 'SQL基础和查询优化', '2026-03-25 10:00:00', 78.75, 90, 68),
(4, '数据库期中考试', 'MIDTERM', '[6,7,8]', 2, 2, '2026-04-13', '14:00:00', '15:40:00', 100, 100, 60, '信息楼104', 'COMPLETED', 'SQL基础和查询优化', '2026-03-25 10:00:00', 81.75, 92, 72),
(5, '高等数学期中', 'MIDTERM', '[10,11]', 3, 3, '2026-04-09', '09:00:00', '11:00:00', 120, 100, 60, '数学楼201', 'COMPLETED', '函数与极限、导数', '2026-03-22 10:00:00', 86.5, 88, 85),
(6, 'Java期末考试', 'FINAL', '[1,2,3,4,5]', 1, 1, '2026-06-20', '09:00:00', '11:00:00', 120, 100, 60, '信息楼101', 'UPCOMING', '全学期内容', '2026-05-01 10:00:00', NULL, NULL, NULL),
(7, '数据库期末考试', 'FINAL', '[6,7,8,9]', 1, 2, '2026-06-22', '14:00:00', '16:00:00', 120, 100, 60, '信息楼103', 'UPCOMING', '全学期内容', '2026-05-01 10:00:00', NULL, NULL, NULL);

-- =====================================================
-- 12. 考试成绩
-- =====================================================
INSERT INTO exam_grade (id, exam_id, student_id, score, remark, created_at, class_rank, grade_rank, score_trend, knowledge_point_scores) VALUES
(1, 1, 1, 85, '优秀，基础扎实', '2026-04-11 10:00:00', 2, 5, 'UP', '{"1": 28, "2": 35, "3": 8, "4": 14}'),
(2, 1, 2, 78, '良好', '2026-04-11 10:00:00', 4, 12, 'STABLE', '{"1": 25, "2": 32, "3": 7, "4": 14}'),
(3, 1, 3, 68, '及格', '2026-04-11 10:00:00', 8, 25, 'DOWN', '{"1": 22, "2": 28, "3": 6, "4": 12}'),
(4, 1, 4, 92, '优秀', '2026-04-11 10:00:00', 1, 2, 'UP', '{"1": 30, "2": 38, "3": 9, "4": 15}'),
(5, 1, 5, 72, '良好', '2026-04-11 10:00:00', 5, 15, 'STABLE', '{"1": 24, "2": 30, "3": 7, "4": 11}'),
(6, 2, 6, 88, '优秀', '2026-04-12 10:00:00', 2, 4, 'UP', '{"1": 29, "2": 36, "3": 8, "4": 15}'),
(7, 2, 7, 65, '及格', '2026-04-12 10:00:00', 9, 28, 'DOWN', '{"1": 22, "2": 26, "3": 6, "4": 11}'),
(8, 2, 8, 94, '优秀', '2026-04-12 10:00:00', 1, 1, 'UP', '{"1": 30, "2": 39, "3": 9, "4": 16}'),
(9, 2, 9, 70, '良好', '2026-04-12 10:00:00', 6, 18, 'STABLE', '{"1": 24, "2": 29, "3": 7, "4": 10}'),
(10, 2, 10, 76, '良好', '2026-04-12 10:00:00', 4, 10, 'STABLE', '{"1": 25, "2": 31, "3": 8, "4": 12}');

-- =====================================================
-- 13. 知识点掌握度
-- =====================================================
INSERT INTO student_knowledge_mastery (id, student_id, knowledge_point_id, mastery_level, score, last_practice_time, updated_at, weakness_level) VALUES
(1, 1, 1, 85.00, 85, '2026-04-15 10:00:00', '2026-04-15 10:00:00', 'GOOD'),
(2, 1, 2, 78.00, 78, '2026-04-10 14:30:00', '2026-04-10 14:30:00', 'GOOD'),
(3, 1, 6, 82.00, 82, '2026-04-18 09:00:00', '2026-04-18 09:00:00', 'GOOD'),
(4, 1, 7, 75.00, 75, '2026-04-12 16:00:00', '2026-04-12 16:00:00', 'MILD'),
(5, 2, 1, 72.00, 72, '2026-04-14 11:00:00', '2026-04-14 11:00:00', 'MILD'),
(6, 2, 2, 68.00, 68, '2026-04-09 15:00:00', '2026-04-09 15:00:00', 'MILD'),
(7, 2, 6, 78.00, 78, '2026-04-17 10:30:00', '2026-04-17 10:30:00', 'GOOD'),
(8, 3, 1, 60.00, 60, '2026-04-13 09:30:00', '2026-04-13 09:30:00', 'MODERATE'),
(9, 3, 10, 55.00, 55, '2026-04-11 14:00:00', '2026-04-11 14:00:00', 'MODERATE'),
(10, 3, 11, 50.00, 50, '2026-04-08 16:30:00', '2026-04-08 16:30:00', 'MODERATE'),
(11, 4, 1, 90.00, 90, '2026-04-16 13:00:00', '2026-04-16 13:00:00', 'GOOD'),
(12, 4, 2, 88.00, 88, '2026-04-12 10:00:00', '2026-04-12 10:00:00', 'GOOD'),
(13, 4, 6, 92.00, 92, '2026-04-19 08:00:00', '2026-04-19 08:00:00', 'GOOD'),
(14, 6, 1, 86.00, 86, '2026-04-15 15:30:00', '2026-04-15 15:30:00', 'GOOD'),
(15, 6, 2, 82.00, 82, '2026-04-11 11:00:00', '2026-04-11 11:00:00', 'GOOD'),
(16, 6, 6, 85.00, 85, '2026-04-18 14:00:00', '2026-04-18 14:00:00', 'GOOD'),
(17, 11, 10, 88.00, 88, '2026-04-16 09:00:00', '2026-04-16 09:00:00', 'GOOD'),
(18, 11, 11, 82.00, 82, '2026-04-13 15:00:00', '2026-04-13 15:00:00', 'GOOD');

-- =====================================================
-- 14. 知识点得分明细表
-- =====================================================
INSERT INTO knowledge_point_score_detail (id, student_id, knowledge_point_id, source_type, source_id, score_rate, max_score, actual_score, created_at) VALUES
(1, 1, 1, 'HOMEWORK', 1, 85.00, 100, 85, '2026-03-21 14:00:00'),
(2, 1, 2, 'HOMEWORK', 2, 82.00, 100, 82, '2026-04-06 10:00:00'),
(3, 1, 1, 'EXAM', 1, 85.00, 100, 85, '2026-04-11 10:00:00'),
(4, 1, 2, 'EXAM', 1, 78.00, 100, 78, '2026-04-11 10:00:00'),
(5, 1, 6, 'HOMEWORK', 4, 88.00, 100, 88, '2026-03-26 09:00:00'),
(6, 1, 6, 'EXAM', 3, 82.00, 100, 82, '2026-04-13 10:00:00'),
(7, 1, 7, 'EXAM', 3, 75.00, 100, 75, '2026-04-13 10:00:00'),
(8, 4, 1, 'HOMEWORK', 1, 92.00, 100, 92, '2026-03-21 13:30:00'),
(9, 4, 2, 'HOMEWORK', 2, 90.00, 100, 90, '2026-04-06 09:30:00'),
(10, 4, 1, 'EXAM', 1, 92.00, 100, 92, '2026-04-11 10:00:00'),
(11, 4, 2, 'EXAM', 1, 88.00, 100, 88, '2026-04-11 10:00:00'),
(12, 4, 6, 'HOMEWORK', 4, 94.00, 100, 94, '2026-03-26 08:30:00'),
(13, 4, 6, 'EXAM', 3, 90.00, 100, 90, '2026-04-13 10:00:00'),
(14, 11, 10, 'HOMEWORK', 6, 88.00, 100, 88, '2026-03-31 13:30:00'),
(15, 11, 11, 'HOMEWORK', 7, 82.00, 100, 82, '2026-04-13 13:00:00'),
(16, 11, 10, 'EXAM', 5, 88.00, 100, 88, '2026-04-10 10:00:00'),
(17, 11, 11, 'EXAM', 5, 85.00, 100, 85, '2026-04-10 10:00:00');

-- =====================================================
-- 15. 活动记录
-- =====================================================
INSERT INTO activity_record (id, student_id, type, description, activity_date, study_duration, activity_score, resource_access_count) VALUES
(1, 1, 'LOGIN', '用户登录', '2026-04-26', 0, 10, 0),
(2, 1, 'STUDY', '学习Java集合框架', '2026-04-25', 90, 85, 5),
(3, 1, 'HOMEWORK', '完成Java作业2', '2026-04-03', 60, 80, 2),
(4, 1, 'EXAM', '参加Java期中考试', '2026-04-10', 120, 85, 0),
(5, 2, 'LOGIN', '用户登录', '2026-04-26', 0, 10, 0),
(6, 2, 'STUDY', '学习SQL多表查询', '2026-04-24', 60, 75, 4),
(7, 2, 'HOMEWORK', '完成SQL作业1', '2026-03-23', 50, 72, 1),
(8, 3, 'LOGIN', '用户登录', '2026-04-25', 0, 10, 0),
(9, 3, 'STUDY', '学习高等数学', '2026-04-24', 120, 70, 3),
(10, 4, 'LOGIN', '用户登录', '2026-04-26', 0, 10, 0),
(11, 4, 'STUDY', '学习Java面向对象', '2026-04-25', 80, 90, 6),
(12, 4, 'HOMEWORK', '完成Java作业2', '2026-04-03', 55, 85, 2),
(13, 4, 'EXAM', '参加Java期中考试', '2026-04-10', 120, 90, 0),
(14, 6, 'LOGIN', '用户登录', '2026-04-26', 0, 10, 0),
(15, 6, 'STUDY', '学习数据库索引', '2026-04-25', 70, 82, 4),
(16, 6, 'EXAM', '参加Java期中考试', '2026-04-11', 120, 85, 0),
(17, 11, 'LOGIN', '用户登录', '2026-04-26', 0, 10, 0),
(18, 11, 'STUDY', '学习导数计算', '2026-04-25', 90, 88, 5),
(19, 11, 'EXAM', '参加高数期中考试', '2026-04-09', 120, 88, 0);

-- =====================================================
-- 16. AI分析报告表
-- =====================================================
INSERT INTO ai_analysis_report (id, target_type, target_id, semester_id, report_type, analysis_data, suggestions, summary, created_at) VALUES
(1, 'STUDENT', 1, 2, 'COMPREHENSIVE', 
 '{"avg_score": 83.5, "homework_completion_rate": 0.95, "knowledge_mastery": {"strong": ["Java基础", "SQL基础"], "weak": ["多表查询"]}, "activity_score": 85, "study_duration_avg": 56}',
 '1. 保持当前学习节奏，建议每周进行2次知识点复习\n2. 重点加强多表查询的练习\n3. 参与更多的课堂讨论提升综合能力',
 '该学生学习状态良好，成绩稳定在85分以上，Java和SQL基础扎实，需加强多表查询部分。',
 '2026-04-20 10:00:00'),
(2, 'STUDENT', 3, 2, 'COMPREHENSIVE',
 '{"avg_score": 64.5, "homework_completion_rate": 0.85, "knowledge_mastery": {"strong": [], "weak": ["极限", "导数", "Java基础"]}, "activity_score": 62, "study_duration_avg": 35}',
 '1. 建议每天安排1-2小时课后复习\n2. 重点突破高等数学的极限和导数部分\n3. 建议参加学习小组',
 '该学生学习基础薄弱，数学和Java都需要加强。',
 '2026-04-20 10:00:00'),
(3, 'CLASS', 1, 2, 'COMPREHENSIVE',
 '{"avg_class_score": 79.2, "top_students": [4,1,2], "weak_knowledge_points": ["多表查询", "异常处理"], "pass_rate": 0.92}',
 '1. 建议针对多表查询和异常处理组织专题讲解\n2. 鼓励成绩优秀学生分享学习经验\n3. 增加针对性练习题',
 '计算机1班整体成绩良好，大部分学生基础扎实。需加强SQL多表查询和Java异常处理部分的教学。',
 '2026-04-20 10:00:00'),
(4, 'COURSE', 1, 2, 'KNOWLEDGE',
 '{"course_name": "Java程序设计", "total_students": 10, "avg_score": 81.2, "pass_rate": 0.95}',
 '1. 异常处理章节学生掌握较弱\n2. 集合框架部分可增加实践项目\n3. 建议组织编程竞赛',
 'Java程序设计课程整体教学效果良好，异常处理章节需要加强教学。',
 '2026-04-20 10:00:00');

-- =====================================================
-- 17. 菜单数据
-- =====================================================
INSERT INTO Menu (role, name, path, component, icon, children_id, meta) VALUES 
('ADMIN', '教学看板', 'dashboard', 'teacher/dashboard/index.vue', 'Monitor', NULL, '{"title":"控制台"}'),
('ADMIN', '学生管理', 'user-manage', 'teacher/user-manage/index.vue', 'User', NULL, '{"title":"学生管理"}'),
('ADMIN', '教师管理', 'teacher-manage', 'teacher/teacher-manage/index.vue', 'User', NULL, '{"title":"教师管理"}'),
('ADMIN', '作业管理', 'work-manage', 'teacher/work-manage/index.vue', 'MessageBox', NULL, '{"title":"作业管理"}'),
('ADMIN', '考试管理', 'exam-manage', 'teacher/exam-manage/index.vue', 'Calendar', NULL, '{"title":"考试管理"}'),
('ADMIN', '课程分析', 'course-analysis', 'teacher/course-analysis/index.vue', 'Memo', NULL, '{"title":"课程分析"}'),
('ADMIN', '活跃度监控', 'activity-monitor', 'teacher/activity-monitor/index.vue', 'Monitor', NULL, '{"title":"活跃度监控"}'),
('ADMIN', '个人中心', '/personal-center', 'personal-center/index.vue', 'User', NULL, '{"title":"个人中心"}'),
('TEACHER', '教学看板', 'dashboard', 'teacher/dashboard/index.vue', 'Monitor', NULL, '{"title":"控制台"}'),
('TEACHER', '学生管理', 'user-manage', 'teacher/user-manage/index.vue', 'User', NULL, '{"title":"学生管理"}'),
('TEACHER', '作业管理', 'work-manage', 'teacher/work-manage/index.vue', 'MessageBox', NULL, '{"title":"作业管理"}'),
('TEACHER', '考试管理', 'exam-manage', 'teacher/exam-manage/index.vue', 'Calendar', NULL, '{"title":"考试管理"}'),
('TEACHER', '课程分析', 'course-analysis', 'teacher/course-analysis/index.vue', 'Memo', NULL, '{"title":"课程分析"}'),
('TEACHER', '活跃度监控', 'activity-monitor', 'teacher/activity-monitor/index.vue', 'Monitor', NULL, '{"title":"活跃度监控"}'),
('TEACHER', '个人中心', '/personal-center', 'personal-center/index.vue', 'User', NULL, '{"title":"个人中心"}'),
('STUDENT', '个人驾驶舱', 'dashboard', 'student/dashboard/index.vue', 'Monitor', NULL, '{"title":"控制台"}'),
('STUDENT', '作业跟踪', 'homework-tracking', 'student/homework-tracking/index.vue', 'Files', NULL, '{"title":"作业跟踪"}'),
('STUDENT', '成绩分析', 'grade-analysis', 'student/grade-analysis/index.vue', 'TrendCharts', NULL, '{"title":"成绩分析"}'),
('STUDENT', '知识点掌握', 'knowledge-mastery', 'student/knowledge-mastery/index.vue', 'Star', NULL, '{"title":"知识点掌握"}'),
('STUDENT', '个人中心', '/personal-center', 'personal-center/index.vue', 'User', NULL, '{"title":"个人中心"}');