-- =====================================================
-- 1. 用户数据
-- =====================================================
INSERT INTO users (username, password, name, role, gender, email, phone, status, last_login_time, created_at, updated_at) VALUES
-- 教师 (密码: 123456)
('teacher1', '$2a$10$N.zmdr9k7uOCQb376NoUnuTJ8iAt6Z5EHsM8lE9lBOsl7iAt6Z5E9', '张明', 'TEACHER', '男', 'zhang.ming@school.com', '13800000001', 'ACTIVE', '2024-12-19 08:30:00', '2024-09-01 00:00:00', '2024-12-19 08:30:00'),
('teacher2', '$2a$10$N.zmdr9k7uOCQb376NoUnuTJ8iAt6Z5EHsM8lE9lBOsl7iAt6Z5E9', '李芳', 'TEACHER', '女', 'li.fang@school.com', '13800000002', 'ACTIVE', '2024-12-19 09:00:00', '2024-09-01 00:00:00', '2024-12-19 09:00:00'),
('teacher3', '$2a$10$N.zmdr9k7uOCQb376NoUnuTJ8iAt6Z5EHsM8lE9lBOsl7iAt6Z5E9', '王丽', 'TEACHER', '女', 'wang.li@school.com', '13800000003', 'ACTIVE', '2024-12-18 16:30:00', '2024-09-01 00:00:00', '2024-12-18 16:30:00'),
-- 学生 (密码: 123456)
('student1', '$2a$10$N.zmdr9k7uOCQb376NoUnuTJ8iAt6Z5EHsM8lE9lBOsl7iAt6Z5E9', '王小明', 'STUDENT', '男', 'wang.xiaoming@school.com', '13800000011', 'ACTIVE', '2024-12-19 10:15:00', '2024-09-01 00:00:00', '2024-12-19 10:15:00'),
('student2', '$2a$10$N.zmdr9k7uOCQb376NoUnuTJ8iAt6Z5EHsM8lE9lBOsl7iAt6Z5E9', '李小萌', 'STUDENT', '女', 'li.xiaomeng@school.com', '13800000012', 'ACTIVE', '2024-12-19 09:45:00', '2024-09-01 00:00:00', '2024-12-19 09:45:00'),
('student3', '$2a$10$N.zmdr9k7uOCQb376NoUnuTJ8iAt6Z5EHsM8lE9lBOsl7iAt6Z5E9', '张伟', 'STUDENT', '男', 'zhang.wei@school.com', '13800000013', 'ACTIVE', '2024-12-19 08:50:00', '2024-09-01 00:00:00', '2024-12-19 08:50:00'),
('student4', '$2a$10$N.zmdr9k7uOCQb376NoUnuTJ8iAt6Z5EHsM8lE9lBOsl7iAt6Z5E9', '刘婷', 'STUDENT', '女', 'liu.ting@school.com', '13800000014', 'ACTIVE', '2024-12-18 14:20:00', '2024-09-01 00:00:00', '2024-12-18 14:20:00'),
('student5', '$2a$10$N.zmdr9k7uOCQb376NoUnuTJ8iAt6Z5EHsM8lE9lBOsl7iAt6Z5E9', '陈晨', 'STUDENT', '男', 'chen.chen@school.com', '13800000015', 'ACTIVE', '2024-12-19 11:00:00', '2024-09-01 00:00:00', '2024-12-19 11:00:00'),
('student6', '$2a$10$N.zmdr9k7uOCQb376NoUnuTJ8iAt6Z5EHsM8lE9lBOsl7iAt6Z5E9', '赵小薇', 'STUDENT', '女', 'zhao.xiaowei@school.com', '13800000016', 'ACTIVE', '2024-12-19 10:30:00', '2024-09-01 00:00:00', '2024-12-19 10:30:00'),
('student7', '$2a$10$N.zmdr9k7uOCQb376NoUnuTJ8iAt6Z5EHsM8lE9lBOsl7iAt6Z5E9', '周小杰', 'STUDENT', '男', 'zhou.xiaojie@school.com', '13800000017', 'ACTIVE', '2024-12-18 15:45:00', '2024-09-01 00:00:00', '2024-12-18 15:45:00'),
('student8', '$2a$10$N.zmdr9k7uOCQb376NoUnuTJ8iAt6Z5EHsM8lE9lBOsl7iAt6Z5E9', '吴迪', 'STUDENT', '男', 'wu.di@school.com', '13800000018', 'ACTIVE', '2024-12-19 09:15:00', '2024-09-01 00:00:00', '2024-12-19 09:15:00'),
('student9', '$2a$10$N.zmdr9k7uOCQb376NoUnuTJ8iAt6Z5EHsM8lE9lBOsl7iAt6Z5E9', '郑爽', 'STUDENT', '女', 'zheng.shuang@school.com', '13800000019', 'ACTIVE', '2024-12-17 13:30:00', '2024-09-01 00:00:00', '2024-12-17 13:30:00'),
('student10', '$2a$10$N.zmdr9k7uOCQb376NoUnuTJ8iAt6Z5EHsM8lE9lBOsl7iAt6Z5E9', '林晨', 'STUDENT', '男', 'lin.chen@school.com', '13800000020', 'ACTIVE', '2024-12-19 08:20:00', '2024-09-01 00:00:00', '2024-12-19 08:20:00'),
('student11', '$2a$10$N.zmdr9k7uOCQb376NoUnuTJ8iAt6Z5EHsM8lE9lBOsl7iAt6Z5E9', '郭静', 'STUDENT', '女', 'guo.jing@school.com', '13800000021', 'ACTIVE', '2024-12-19 10:00:00', '2024-09-01 00:00:00', '2024-12-19 10:00:00'),
('student12', '$2a$10$N.zmdr9k7uOCQb376NoUnuTJ8iAt6Z5EHsM8lE9lBOsl7iAt6Z5E9', '唐雅', 'STUDENT', '女', 'tang.ya@school.com', '13800000022', 'ACTIVE', '2024-12-18 11:20:00', '2024-09-01 00:00:00', '2024-12-18 11:20:00');

-- =====================================================
-- 2. 教师扩展数据
-- =====================================================
INSERT INTO teacher (user_id, teacher_no, department, title, office, join_date) VALUES
(1, 'T20240001', '计算机科学系', '副教授', '信息楼301', '2015-09-01'),
(2, 'T20240002', '数学系', '讲师', '数学楼205', '2018-09-01'),
(3, 'T20240003', '计算机科学系', '教授', '信息楼302', '2010-09-01');

-- =====================================================
-- 3. 班级数据
-- =====================================================
INSERT INTO classes (name, grade, teacher_id, created_at) VALUES
('计算机1班', '大一', 1, '2024-09-01 00:00:00'),
('计算机2班', '大一', 3, '2024-09-01 00:00:00'),
('数学1班', '大一', 2, '2024-09-01 00:00:00');

-- =====================================================
-- 4. 学生扩展数据
-- =====================================================
INSERT INTO student (user_id, student_no, class_id, grade) VALUES
-- 计算机1班 (class_id = 1)
(4, 'S20240001', 1, '大一'),
(5, 'S20240002', 1, '大一'),
(6, 'S20240003', 1, '大一'),
(7, 'S20240004', 1, '大一'),
(8, 'S20240005', 1, '大一'),
-- 计算机2班 (class_id = 2)
(9, 'S20240006', 2, '大一'),
(10, 'S20240007', 2, '大一'),
(11, 'S20240008', 2, '大一'),
(12, 'S20240009', 2, '大一'),
(13, 'S20240010', 2, '大一'),
-- 数学1班 (class_id = 3)
(14, 'S20240011', 3, '大一'),
(15, 'S20240012', 3, '大一');

-- =====================================================
-- 5. 课程数据
-- =====================================================
INSERT INTO course (name, description, teacher_id, credit, status, created_at) VALUES
('Java程序设计', 'Java基础与面向对象编程', 1, 4, 'ONGOING', '2024-09-01 00:00:00'),
('数据库原理', 'MySQL数据库设计与应用', 3, 3, 'ONGOING', '2024-09-01 00:00:00'),
('高等数学', '微积分与线性代数基础', 2, 4, 'ONGOING', '2024-09-01 00:00:00'),
('Web前端开发', 'HTML/CSS/JavaScript基础', 1, 3, 'ONGOING', '2024-09-01 00:00:00'),
('数据结构', '线性表、树、图等数据结构', 3, 4, 'ONGOING', '2024-09-01 00:00:00');

-- =====================================================
-- 6. 学期数据
-- =====================================================
INSERT INTO semester (name, start_date, end_date, is_current) VALUES
('2024-2025学年第一学期', '2024-09-01', '2025-01-15', 1),
('2024-2025学年第二学期', '2025-03-01', '2025-07-10', 0);

-- =====================================================
-- 7. 知识点数据
-- =====================================================
INSERT INTO knowledge_point (name, description, course_id, parent_id, level, sort_order) VALUES
-- Java程序设计 (course_id=1)
('Java基础语法', '变量、数据类型、运算符、流程控制', 1, NULL, 0, 1),
('面向对象编程', '类、对象、继承、多态、封装', 1, NULL, 0, 2),
('异常处理', 'try-catch-finally、异常类型', 1, NULL, 0, 3),
('集合框架', 'List、Set、Map及常用实现类', 1, NULL, 0, 4),
('IO流', '文件读写、字节流、字符流', 1, NULL, 0, 5),
-- 数据库原理 (course_id=2)
('SQL基础', '增删改查语句', 2, NULL, 0, 1),
('多表查询', 'JOIN、子查询、联合查询', 2, NULL, 0, 2),
('索引与优化', '索引类型、执行计划', 2, NULL, 0, 3),
('事务管理', 'ACID特性、隔离级别', 2, NULL, 0, 4),
-- 高等数学 (course_id=3)
('函数与极限', '函数概念、极限计算', 3, NULL, 0, 1),
('导数与微分', '导数定义、求导法则', 3, NULL, 0, 2),
('不定积分', '积分公式、换元积分', 3, NULL, 0, 3),
('定积分', '定积分计算、应用', 3, NULL, 0, 4);

-- =====================================================
-- 8. 选课记录
-- =====================================================
INSERT INTO enrollment (student_id, course_id, semester_id, progress, score, status, enrolled_at) VALUES
-- 计算机1班学生选课
(1, 1, 1, 75, NULL, 'ONGOING', '2024-09-05 10:00:00'),
(1, 2, 1, 68, NULL, 'ONGOING', '2024-09-05 10:00:00'),
(1, 4, 1, 80, NULL, 'ONGOING', '2024-09-05 10:00:00'),
(2, 1, 1, 82, NULL, 'ONGOING', '2024-09-05 10:00:00'),
(2, 2, 1, 70, NULL, 'ONGOING', '2024-09-05 10:00:00'),
(2, 5, 1, 65, NULL, 'ONGOING', '2024-09-05 10:00:00'),
(3, 1, 1, 60, NULL, 'ONGOING', '2024-09-05 10:00:00'),
(3, 3, 1, 55, NULL, 'ONGOING', '2024-09-05 10:00:00'),
(3, 4, 1, 70, NULL, 'ONGOING', '2024-09-05 10:00:00'),
(4, 1, 1, 88, NULL, 'ONGOING', '2024-09-05 10:00:00'),
(4, 2, 1, 85, NULL, 'ONGOING', '2024-09-05 10:00:00'),
(4, 5, 1, 90, NULL, 'ONGOING', '2024-09-05 10:00:00'),
(5, 1, 1, 72, NULL, 'ONGOING', '2024-09-05 10:00:00'),
(5, 3, 1, 78, NULL, 'ONGOING', '2024-09-05 10:00:00'),
-- 计算机2班学生选课
(6, 1, 1, 85, NULL, 'ONGOING', '2024-09-05 10:00:00'),
(6, 2, 1, 78, NULL, 'ONGOING', '2024-09-05 10:00:00'),
(6, 4, 1, 82, NULL, 'ONGOING', '2024-09-05 10:00:00'),
(7, 1, 1, 68, NULL, 'ONGOING', '2024-09-05 10:00:00'),
(7, 5, 1, 60, NULL, 'ONGOING', '2024-09-05 10:00:00'),
(8, 2, 1, 92, NULL, 'ONGOING', '2024-09-05 10:00:00'),
(8, 4, 1, 88, NULL, 'ONGOING', '2024-09-05 10:00:00'),
(9, 1, 1, 70, NULL, 'ONGOING', '2024-09-05 10:00:00'),
(9, 3, 1, 65, NULL, 'ONGOING', '2024-09-05 10:00:00'),
(10, 1, 1, 78, NULL, 'ONGOING', '2024-09-05 10:00:00'),
(10, 2, 1, 82, NULL, 'ONGOING', '2024-09-05 10:00:00'),
-- 数学1班学生选课
(11, 3, 1, 88, NULL, 'ONGOING', '2024-09-05 10:00:00'),
(11, 2, 1, 75, NULL, 'ONGOING', '2024-09-05 10:00:00'),
(12, 3, 1, 92, NULL, 'ONGOING', '2024-09-05 10:00:00'),
(12, 1, 1, 70, NULL, 'ONGOING', '2024-09-05 10:00:00');

-- =====================================================
-- 9. 作业数据 (包含 V3 扩展字段)
-- =====================================================
INSERT INTO homework (name, description, knowledge_point_id, course_id, question_count, total_score, status, deadline, created_at, 
    ai_parsed_data, knowledge_points_mapping, avg_score, pass_rate) VALUES
('Java作业1：基础语法练习', '变量定义、循环语句、条件判断练习', 1, 1, 10, 100, 'COMPLETED', '2024-10-20 23:59:59', '2024-10-10 10:00:00',
    '{"total_score": 100, "difficulty": "中等", "estimated_time": 60, "questions": [{"id": 1, "type": "选择题", "score": 5}, {"id": 2, "type": "编程题", "score": 15}]}',
    '{"1": [1], "2": [1], "3": [1,2], "4": [2], "5": [2], "6": [4], "7": [4], "8": [1,4], "9": [2], "10": [1,2,4]}',
    82.8, 90.00),
('Java作业2：面向对象编程', '类和对象的定义、继承与多态', 2, 1, 8, 100, 'COMPLETED', '2024-11-10 23:59:59', '2024-10-30 10:00:00',
    '{"total_score": 100, "difficulty": "中等", "estimated_time": 90, "questions": [{"id": 1, "type": "选择题", "score": 5}, {"id": 2, "type": "编程题", "score": 20}]}',
    '{"1": [2], "2": [2], "3": [2], "4": [2,3], "5": [2], "6": [2], "7": [2,3], "8": [2]}',
    83.25, 100.00),
('Java作业3：集合框架', 'List、Set、Map的使用', 4, 1, 6, 100, 'ONGOING', '2024-12-25 23:59:59', '2024-12-10 10:00:00',
    '{"total_score": 100, "difficulty": "较难", "estimated_time": 120, "questions": [{"id": 1, "type": "选择题", "score": 5}, {"id": 2, "type": "编程题", "score": 25}]}',
    '{"1": [4], "2": [4], "3": [4], "4": [4,5], "5": [4], "6": [4]}',
    NULL, NULL),
('SQL作业1：基础查询', 'SELECT、WHERE、ORDER BY练习', 6, 2, 10, 100, 'COMPLETED', '2024-10-25 23:59:59', '2024-10-15 10:00:00',
    '{"total_score": 100, "difficulty": "简单", "estimated_time": 45, "questions": [{"id": 1, "type": "SQL题", "score": 10}]}',
    '{"1": [6], "2": [6], "3": [6], "4": [6], "5": [6], "6": [6,7], "7": [6], "8": [6], "9": [6], "10": [6]}',
    88.75, 100.00),
('SQL作业2：多表查询', 'JOIN、子查询练习', 7, 2, 8, 100, 'ONGOING', '2024-12-22 23:59:59', '2024-12-10 10:00:00',
    '{"total_score": 100, "difficulty": "中等", "estimated_time": 90, "questions": [{"id": 1, "type": "SQL题", "score": 12}]}',
    '{"1": [7], "2": [7], "3": [7,8], "4": [7], "5": [7], "6": [7], "7": [7,8], "8": [7]}',
    NULL, NULL),
('高数作业1：极限计算', '极限的定义与计算方法', 10, 3, 10, 100, 'COMPLETED', '2024-10-30 23:59:59', '2024-10-20 10:00:00',
    '{"total_score": 100, "difficulty": "中等", "estimated_time": 60, "questions": [{"id": 1, "type": "计算题", "score": 10}]}',
    '{"1": [10], "2": [10], "3": [10], "4": [10], "5": [10], "6": [10], "7": [10], "8": [10], "9": [10], "10": [10]}',
    82.00, 100.00),
('高数作业2：导数', '导数的计算与应用', 11, 3, 8, 100, 'ONGOING', '2024-12-28 23:59:59', '2024-12-15 10:00:00',
    '{"total_score": 100, "difficulty": "较难", "estimated_time": 90, "questions": [{"id": 1, "type": "计算题", "score": 12}]}',
    '{"1": [11], "2": [11], "3": [11], "4": [11], "5": [11], "6": [11], "7": [11], "8": [11,12]}',
    NULL, NULL);

-- =====================================================
-- 10. 作业提交记录 (包含 V3 扩展字段)
-- =====================================================
INSERT INTO submission (homework_id, student_id, content, attachments, score, feedback, status, submitted_at, graded_at,
    knowledge_point_scores, submission_late_minutes, ai_feedback) VALUES
-- Java作业1 提交记录
(1, 1, '已完成所有题目，代码见附件', 'java_hw1_student1.zip', 85, '代码规范，逻辑清晰', 'GRADED', '2024-10-18 20:30:00', '2024-10-21 14:00:00',
    '{"1": 8, "2": 9, "3": 8, "4": 9, "5": 8, "6": 8, "7": 9, "8": 8, "9": 9, "10": 9}', 0, 
    '基础语法掌握良好，建议加强循环嵌套练习'),
(1, 2, '已完成', 'java_hw1_student2.zip', 78, '基本完成，部分细节需注意', 'GRADED', '2024-10-19 15:20:00', '2024-10-21 14:30:00',
    '{"1": 8, "2": 7, "3": 8, "4": 7, "5": 8, "6": 8, "7": 7, "8": 8, "9": 8, "10": 9}', 0,
    '基础语法基本掌握，数组部分需要加强'),
(1, 4, '已完成', 'java_hw1_student4.zip', 92, '优秀', 'GRADED', '2024-10-18 10:15:00', '2024-10-21 13:30:00',
    '{"1": 9, "2": 9, "3": 9, "4": 9, "5": 10, "6": 9, "7": 9, "8": 9, "9": 9, "10": 10}', 0,
    '非常优秀，代码风格很好，继续保持'),
(1, 6, '已完成', 'java_hw1_student6.zip', 88, '很好', 'GRADED', '2024-10-18 22:00:00', '2024-10-21 14:15:00',
    '{"1": 9, "2": 8, "3": 9, "4": 9, "5": 8, "6": 9, "7": 9, "8": 8, "9": 9, "10": 10}', 0,
    '完成得很好，逻辑清晰'),
-- Java作业2 提交记录
(2, 1, '已完成面向对象编程作业', 'java_hw2_student1.zip', 82, '继承理解良好', 'GRADED', '2024-11-08 19:00:00', '2024-11-11 10:00:00',
    '{"1": 8, "2": 8, "3": 8, "4": 9, "5": 8, "6": 8, "7": 8, "8": 9}', 0,
    '面向对象概念理解不错，多态部分可以加强'),
(2, 2, '已完成', 'java_hw2_student2.zip', 75, '多态部分需加强', 'GRADED', '2024-11-09 16:00:00', '2024-11-11 10:30:00',
    '{"1": 8, "2": 7, "3": 8, "4": 7, "5": 7, "6": 8, "7": 8, "8": 8}', 0,
    '继承掌握尚可，多态需要更多练习'),
(2, 4, '已完成', 'java_hw2_student4.zip', 90, '优秀', 'GRADED', '2024-11-08 14:00:00', '2024-11-11 09:30:00',
    '{"1": 9, "2": 9, "3": 9, "4": 9, "5": 9, "6": 9, "7": 9, "8": 9}', 0,
    '优秀，设计模式运用得当'),
-- SQL作业1 提交记录
(4, 1, 'SQL查询练习完成', 'sql_hw1_student1.sql', 88, '查询语句写得好', 'GRADED', '2024-10-23 21:00:00', '2024-10-26 09:00:00',
    '{"1": 9, "2": 9, "3": 8, "4": 9, "5": 9, "6": 9, "7": 8, "8": 9, "9": 9, "10": 9}', 0,
    'SQL基础扎实，查询优化方面可以进一步提升'),
(4, 4, '已完成', 'sql_hw1_student4.sql', 94, '非常优秀', 'GRADED', '2024-10-22 15:00:00', '2024-10-26 08:30:00',
    '{"1": 9, "2": 10, "3": 9, "4": 9, "5": 10, "6": 9, "7": 9, "8": 10, "9": 9, "10": 10}', 0,
    '非常优秀，SQL功底扎实'),
-- 高数作业1 提交记录
(6, 11, '极限计算练习', 'math_hw1_student11.pdf', 88, '优秀', 'GRADED', '2024-10-28 09:00:00', '2024-10-31 13:30:00',
    '{"1": 9, "2": 9, "3": 9, "4": 9, "5": 8, "6": 9, "7": 9, "8": 8, "9": 9, "10": 9}', 0,
    '极限计算掌握很好'),
(6, 12, '已完成', 'math_hw1_student12.pdf', 92, '非常优秀', 'GRADED', '2024-10-27 16:00:00', '2024-10-31 13:00:00',
    '{"1": 9, "2": 9, "3": 9, "4": 10, "5": 9, "6": 9, "7": 9, "8": 9, "9": 9, "10": 10}', 0,
    '非常优秀，极限计算能力突出');

-- =====================================================
-- 11. 考试数据 (包含 V3 扩展字段)
-- =====================================================
INSERT INTO exam (name, type, class_id, course_id, exam_date, start_time, end_time, duration, full_score, pass_score, location, status, description, created_at,
    ai_parsed_data, knowledge_points_distribution, class_avg_score, highest_score, lowest_score) VALUES
('Java期中考试', 'MIDTERM', 1, 1, '2024-11-15', '09:00:00', '11:00:00', 120, 100, 60, '信息楼101', 'COMPLETED', 'Java基础知识与面向对象', '2024-10-20 10:00:00',
    '{"difficulty": "中等", "total_students": 5, "pass_count": 5, "knowledge_points": ["Java基础语法", "面向对象编程"]}',
    '{"1": 30, "2": 40, "3": 10, "4": 20}', 79.0, 92, 68),
('Java期中考试', 'MIDTERM', 2, 1, '2024-11-16', '14:00:00', '16:00:00', 120, 100, 60, '信息楼102', 'COMPLETED', 'Java基础知识与面向对象', '2024-10-20 10:00:00',
    '{"difficulty": "中等", "total_students": 5, "pass_count": 5, "knowledge_points": ["Java基础语法", "面向对象编程"]}',
    '{"1": 30, "2": 40, "3": 10, "4": 20}', 78.6, 94, 65),
('数据库期中考试', 'MIDTERM', 1, 2, '2024-11-20', '09:00:00', '10:40:00', 100, 100, 60, '信息楼103', 'COMPLETED', 'SQL基础和查询优化', '2024-10-25 10:00:00',
    '{"difficulty": "中等", "total_students": 5, "pass_count": 5, "knowledge_points": ["SQL基础", "多表查询"]}',
    '{"6": 40, "7": 40, "8": 20}', 78.75, 90, 68),
('数据库期中考试', 'MIDTERM', 2, 2, '2024-11-21', '14:00:00', '15:40:00', 100, 100, 60, '信息楼104', 'COMPLETED', 'SQL基础和查询优化', '2024-10-25 10:00:00',
    '{"difficulty": "中等", "total_students": 5, "pass_count": 5, "knowledge_points": ["SQL基础", "多表查询"]}',
    '{"6": 40, "7": 40, "8": 20}', 81.75, 92, 72),
('高等数学期中', 'MIDTERM', 3, 3, '2024-11-18', '09:00:00', '11:00:00', 120, 100, 60, '数学楼201', 'COMPLETED', '函数与极限、导数', '2024-10-22 10:00:00',
    '{"difficulty": "中等", "total_students": 2, "pass_count": 2, "knowledge_points": ["函数与极限", "导数与微分"]}',
    '{"10": 50, "11": 50}', 86.5, 88, 85),
('Java期末考试', 'FINAL', 1, 1, '2025-01-10', '09:00:00', '11:00:00', 120, 100, 60, '信息楼101', 'UPCOMING', '全学期内容', '2024-12-01 10:00:00',
    '{"difficulty": "较难", "total_students": 5, "knowledge_points": ["Java基础语法", "面向对象编程", "异常处理", "集合框架"]}',
    '{"1": 20, "2": 30, "3": 20, "4": 30}', NULL, NULL, NULL),
('数据库期末考试', 'FINAL', 1, 2, '2025-01-12', '14:00:00', '16:00:00', 120, 100, 60, '信息楼103', 'UPCOMING', '全学期内容', '2024-12-01 10:00:00',
    '{"difficulty": "较难", "total_students": 5, "knowledge_points": ["SQL基础", "多表查询", "索引与优化", "事务管理"]}',
    '{"6": 25, "7": 30, "8": 25, "9": 20}', NULL, NULL, NULL);

-- =====================================================
-- 12. 考试成绩 (包含 V3 扩展字段)
-- =====================================================
INSERT INTO exam_grade (exam_id, student_id, score, remark, created_at, class_rank, grade_rank, score_trend, knowledge_point_scores) VALUES
-- 计算机1班 Java期中 (exam_id=1)
(1, 1, 85, '优秀，基础扎实', '2024-11-16 10:00:00', 2, 5, 'UP', '{"1": 28, "2": 35, "3": 8, "4": 14}'),
(1, 2, 78, '良好', '2024-11-16 10:00:00', 4, 12, 'STABLE', '{"1": 25, "2": 32, "3": 7, "4": 14}'),
(1, 3, 68, '及格', '2024-11-16 10:00:00', 8, 25, 'DOWN', '{"1": 22, "2": 28, "3": 6, "4": 12}'),
(1, 4, 92, '优秀', '2024-11-16 10:00:00', 1, 2, 'UP', '{"1": 30, "2": 38, "3": 9, "4": 15}'),
(1, 5, 72, '良好', '2024-11-16 10:00:00', 5, 15, 'STABLE', '{"1": 24, "2": 30, "3": 7, "4": 11}'),
-- 计算机2班 Java期中 (exam_id=2)
(2, 6, 88, '优秀', '2024-11-17 10:00:00', 2, 4, 'UP', '{"1": 29, "2": 36, "3": 8, "4": 15}'),
(2, 7, 65, '及格', '2024-11-17 10:00:00', 9, 28, 'DOWN', '{"1": 22, "2": 26, "3": 6, "4": 11}'),
(2, 8, 94, '优秀', '2024-11-17 10:00:00', 1, 1, 'UP', '{"1": 30, "2": 39, "3": 9, "4": 16}'),
(2, 9, 70, '良好', '2024-11-17 10:00:00', 6, 18, 'STABLE', '{"1": 24, "2": 29, "3": 7, "4": 10}'),
(2, 10, 76, '良好', '2024-11-17 10:00:00', 4, 10, 'STABLE', '{"1": 25, "2": 31, "3": 8, "4": 12}'),
-- 计算机1班 数据库期中 (exam_id=3)
(3, 1, 82, '查询语句写得好', '2024-11-21 10:00:00', 2, NULL, 'STABLE', '{"6": 35, "7": 32, "8": 15}'),
(3, 2, 75, '良好', '2024-11-21 10:00:00', 4, NULL, 'STABLE', '{"6": 32, "7": 28, "8": 15}'),
(3, 4, 90, '优秀', '2024-11-21 10:00:00', 1, NULL, 'UP', '{"6": 38, "7": 35, "8": 17}'),
(3, 5, 68, '需加强多表查询', '2024-11-21 10:00:00', 5, NULL, 'DOWN', '{"6": 30, "7": 25, "8": 13}'),
-- 计算机2班 数据库期中 (exam_id=4)
(4, 6, 85, '优秀', '2024-11-22 10:00:00', 2, NULL, 'UP', '{"6": 36, "7": 33, "8": 16}'),
(4, 8, 92, '非常优秀', '2024-11-22 10:00:00', 1, NULL, 'UP', '{"6": 39, "7": 36, "8": 17}'),
(4, 9, 72, '良好', '2024-11-22 10:00:00', 5, NULL, 'STABLE', '{"6": 31, "7": 28, "8": 13}'),
(4, 10, 78, '良好', '2024-11-22 10:00:00', 3, NULL, 'STABLE', '{"6": 33, "7": 30, "8": 15}'),
-- 数学1班 高数期中 (exam_id=5)
(5, 11, 88, '优秀', '2024-11-19 10:00:00', 2, NULL, 'UP', '{"10": 44, "11": 44}'),
(5, 12, 85, '优秀', '2024-11-19 10:00:00', 3, NULL, 'STABLE', '{"10": 43, "11": 42}');

-- =====================================================
-- 13. 知识点掌握度 (包含 V3 扩展字段)
-- =====================================================
INSERT INTO student_knowledge_mastery (student_id, knowledge_point_id, mastery_level, score, last_practice_time, updated_at, weakness_level, suggested_actions, last_exam_score_rate) VALUES
(1, 1, 85.00, 85, '2024-12-15 10:00:00', '2024-12-15 10:00:00', 'GOOD', '继续保持，可挑战进阶题目', 85.00),
(1, 2, 78.00, 78, '2024-12-10 14:30:00', '2024-12-10 14:30:00', 'GOOD', '多态部分需加强练习', 78.00),
(1, 6, 82.00, 82, '2024-12-18 09:00:00', '2024-12-18 09:00:00', 'GOOD', 'SQL基础扎实，可学习高级查询', 82.00),
(1, 7, 75.00, 75, '2024-12-12 16:00:00', '2024-12-12 16:00:00', 'MILD', '建议多做多表查询练习', 75.00),
(2, 1, 72.00, 72, '2024-12-14 11:00:00', '2024-12-14 11:00:00', 'MILD', '基础语法掌握尚可，建议每天练习', 72.00),
(2, 2, 68.00, 68, '2024-12-09 15:00:00', '2024-12-09 15:00:00', 'MILD', '面向对象概念需加强理解', 68.00),
(2, 6, 78.00, 78, '2024-12-17 10:30:00', '2024-12-17 10:30:00', 'GOOD', 'SQL基础良好', 78.00),
(3, 1, 60.00, 60, '2024-12-13 09:30:00', '2024-12-13 09:30:00', 'MODERATE', '建议重新学习基础语法', 60.00),
(3, 10, 55.00, 55, '2024-12-11 14:00:00', '2024-12-11 14:00:00', 'MODERATE', '极限概念需加强，建议看教学视频', 55.00),
(3, 11, 50.00, 50, '2024-12-08 16:30:00', '2024-12-08 16:30:00', 'MODERATE', '导数公式需记忆，多做练习', 50.00),
(4, 1, 90.00, 90, '2024-12-16 13:00:00', '2024-12-16 13:00:00', 'GOOD', '掌握很好，可帮助其他同学', 90.00),
(4, 2, 88.00, 88, '2024-12-12 10:00:00', '2024-12-12 10:00:00', 'GOOD', '面向对象理解深入', 88.00),
(4, 6, 92.00, 92, '2024-12-19 08:00:00', '2024-12-19 08:00:00', 'GOOD', 'SQL能力突出', 92.00),
(6, 1, 86.00, 86, '2024-12-15 15:30:00', '2024-12-15 15:30:00', 'GOOD', '基础扎实', 86.00),
(6, 2, 82.00, 82, '2024-12-11 11:00:00', '2024-12-11 11:00:00', 'GOOD', '面向对象掌握良好', 82.00),
(6, 6, 85.00, 85, '2024-12-18 14:00:00', '2024-12-18 14:00:00', 'GOOD', 'SQL基础扎实', 85.00),
(11, 10, 88.00, 88, '2024-12-16 09:00:00', '2024-12-16 09:00:00', 'GOOD', '极限掌握优秀', 88.00),
(11, 11, 82.00, 82, '2024-12-13 15:00:00', '2024-12-13 15:00:00', 'GOOD', '导数掌握良好', 82.00);

-- =====================================================
-- 14. 活动记录 (包含 V3 扩展字段)
-- =====================================================
INSERT INTO activity_record (student_id, type, description, activity_date, study_duration, activity_score, interaction_count, resource_access_count) VALUES
(1, 'STUDY', '学习Java集合框架', '2024-12-18', 90, 85, 3, 5),
(1, 'HOMEWORK', '完成Java作业3', '2024-12-15', 60, 80, 1, 2),
(1, 'DISCUSSION', '参与课程讨论', '2024-12-17', 30, 75, 8, 1),
(1, 'VIDEO', '观看数据库原理视频', '2024-12-16', 45, 70, 0, 3),
(2, 'STUDY', '学习SQL多表查询', '2024-12-17', 60, 75, 2, 4),
(2, 'HOMEWORK', '完成SQL作业2', '2024-12-18', 50, 72, 0, 1),
(2, 'STUDY', '学习Java异常处理', '2024-12-14', 40, 65, 1, 2),
(3, 'STUDY', '学习高等数学', '2024-12-18', 120, 70, 0, 3),
(3, 'VIDEO', '观看极限计算视频', '2024-12-16', 30, 55, 0, 2),
(4, 'STUDY', '学习Java面向对象', '2024-12-19', 80, 90, 5, 6),
(4, 'HOMEWORK', '完成Java作业', '2024-12-17', 55, 85, 1, 2),
(4, 'DISCUSSION', '积极参与讨论', '2024-12-18', 25, 88, 12, 1),
(6, 'STUDY', '学习数据库索引', '2024-12-18', 70, 82, 2, 4),
(6, 'HOMEWORK', '完成SQL作业', '2024-12-16', 45, 78, 0, 2),
(11, 'STUDY', '学习导数计算', '2024-12-18', 90, 88, 3, 5),
(11, 'HOMEWORK', '完成高数作业2', '2024-12-17', 60, 85, 1, 2);

-- =====================================================
-- 15. 错题记录
-- =====================================================
INSERT INTO error_record (name, student_id, knowledge_point_id, last_error_at) VALUES
('Java循环综合练习题', 2, 1, '2024-12-10 20:30:00'),
('Java继承与多态题', 3, 2, '2024-12-12 19:45:00'),
('Java集合遍历题', 5, 4, '2024-12-11 15:20:00'),
('SQL多表连接查询', 3, 7, '2024-12-09 21:00:00'),
('SQL子查询练习', 5, 7, '2024-12-08 16:30:00'),
('极限计算题', 3, 10, '2024-12-07 14:15:00'),
('导数应用题', 5, 11, '2024-12-06 18:00:00');

-- =====================================================
-- 16. 菜单数据
-- =====================================================
-- 学生菜单
INSERT INTO Menu (role, name, path, component, icon, children_id, meta) VALUES 
('STUDENT', '个人驾驶舱', 'dashboard', 'student/dashboard/index.vue', 'Monitor', NULL, '{"title":"控制台","keepAlive":true}'),
('STUDENT', '作业跟踪', 'homework-tracking', 'student/homework-tracking/index.vue', 'Files', NULL, '{"title":"作业跟踪"}'),
('STUDENT', '成绩分析', 'grade-analysis', 'student/grade-analysis/index.vue', 'TrendCharts', NULL, '{"title":"成绩分析"}'),
('STUDENT', '知识点掌握', 'knowledge-mastery', 'student/knowledge-mastery/index.vue', 'Star', NULL, '{"title":"知识点掌握"}'),
('STUDENT', '个人中心', '/personal-center', 'personal-center/index.vue', 'User', NULL, '{"title":"个人中心"}');

-- 教师菜单
INSERT INTO Menu (role, name, path, component, icon, children_id, meta) VALUES 
('TEACHER', '教学看板', 'dashboard', 'teacher/dashboard/index.vue', 'Monitor', NULL, '{"title":"控制台"}'),
('TEACHER', '学生管理', 'user-manage', 'teacher/user-manage/index.vue', 'User', NULL, '{"title":"学生管理"}'),
('TEACHER', '作业管理', 'work-manage', 'teacher/work-manage/index.vue', 'MessageBox', NULL, '{"title":"作业管理"}'),
('TEACHER', '考试管理', 'exam-manage', 'teacher/exam-manage/index.vue', 'Calendar', NULL, '{"title":"考试管理"}'),
('TEACHER', '课程分析', 'course-analysis', 'teacher/course-analysis/index.vue', 'Memo', NULL, '{"title":"课程分析"}'),
('TEACHER', '活跃度监控', 'activity-monitor', 'teacher/activity-monitor/index.vue', 'Monitor', NULL, '{"title":"活跃度监控"}'),
('TEACHER', '个人中心', '/personal-center', 'personal-center/index.vue', 'User', NULL, '{"title":"个人中心"}');

-- =====================================================
-- 17. AI分析报告表数据 (V4 新增)
-- =====================================================
INSERT INTO ai_analysis_report (target_type, target_id, semester_id, report_type, analysis_data, charts_config, suggestions, summary, created_at) VALUES
('STUDENT', 1, 1, 'COMPREHENSIVE', 
 '{"avg_score": 83.5, "homework_completion_rate": 0.95, "knowledge_mastery": {"strong": ["Java基础", "SQL基础"], "weak": ["多表查询"]}, "activity_score": 85, "study_duration_avg": 56}',
 '{"score_trend": {"chart_type": "line", "data": [78, 82, 85, 88]}, "knowledge_radar": {"chart_type": "radar", "labels": ["Java基础", "面向对象", "SQL基础", "多表查询"], "values": [85, 78, 82, 75]}}',
 '1. 保持当前学习节奏，建议每周进行2次知识点复习\n2. 重点加强多表查询的练习，建议每天做2道相关题目\n3. 参与更多的课堂讨论提升综合能力\n4. 可尝试帮助同学讲解Java基础，巩固知识',
 '该学生学习状态良好，成绩稳定在85分以上，Java和SQL基础扎实，需加强多表查询部分。整体学习积极性高，有较大潜力。',
 '2024-12-20 10:00:00'),
('STUDENT', 3, 1, 'COMPREHENSIVE',
 '{"avg_score": 64.5, "homework_completion_rate": 0.85, "knowledge_mastery": {"strong": [], "weak": ["极限", "导数", "Java基础"]}, "activity_score": 62, "study_duration_avg": 35}',
 '{"score_trend": {"chart_type": "line", "data": [58, 62, 65, 68]}, "knowledge_radar": {"chart_type": "radar", "labels": ["Java基础", "面向对象", "极限", "导数"], "values": [60, 55, 55, 50]}}',
 '1. 建议每天安排1-2小时课后复习，重点突破薄弱环节\n2. 重点突破高等数学的极限和导数部分，建议看教学视频\n3. 建议参加学习小组，与同学互相帮助\n4. 每周完成至少3次在线练习，提升解题能力',
 '该学生学习基础薄弱，数学和Java都需要加强。建议增加学习时间并寻求帮助，特别是高等数学部分需要重点突破。',
 '2024-12-20 10:00:00'),
('CLASS', 1, 1, 'COMPREHENSIVE',
 '{"avg_class_score": 79.2, "top_students": [4,1,2], "weak_knowledge_points": ["多表查询", "异常处理"], "pass_rate": 0.92, "homework_avg_rate": 0.88}',
 '{"score_distribution": {"chart_type": "bar", "labels": ["90-100", "80-89", "70-79", "60-69", "<60"], "values": [1, 2, 1, 1, 0]}, "knowledge_heatmap": {"chart_type": "heatmap", "data": {"Java基础": 85, "面向对象": 78, "多表查询": 68, "异常处理": 65}}}',
 '1. 建议针对多表查询和异常处理组织专题讲解\n2. 鼓励成绩优秀学生（刘婷、王小明）分享学习经验\n3. 增加针对性练习题，特别是多表查询部分\n4. 组织学习小组，帮助基础薄弱学生',
 '计算机1班整体成绩良好，大部分学生基础扎实。刘婷、王小明成绩突出，可发挥榜样作用。需加强SQL多表查询和Java异常处理部分的教学。',
 '2024-12-20 10:00:00'),
('COURSE', 1, 1, 'KNOWLEDGE',
 '{"course_name": "Java程序设计", "total_students": 10, "avg_score": 81.2, "pass_rate": 0.95, "knowledge_mastery": {"Java基础语法": 82, "面向对象编程": 76, "异常处理": 68, "集合框架": 72}}',
 '{"knowledge_trend": {"chart_type": "line", "labels": ["第1周", "第4周", "第8周", "第12周"], "values": [75, 78, 80, 82]}}',
 '1. 异常处理章节学生掌握较弱，建议增加2课时讲解\n2. 集合框架部分可增加实践项目\n3. 建议组织编程竞赛激发学习兴趣',
 'Java程序设计课程整体教学效果良好，学生成绩稳步提升，异常处理章节需要加强教学。',
 '2024-12-20 10:00:00');

-- =====================================================
-- 18. 知识点得分明细表 (V4 新增)
-- =====================================================
INSERT INTO knowledge_point_score_detail (student_id, knowledge_point_id, source_type, source_id, score_rate, max_score, actual_score, created_at) VALUES
-- 学生1 各知识点得分
(1, 1, 'HOMEWORK', 1, 85.00, 100, 85, '2024-10-21 14:00:00'),
(1, 2, 'HOMEWORK', 2, 82.00, 100, 82, '2024-11-11 10:00:00'),
(1, 1, 'EXAM', 1, 85.00, 100, 85, '2024-11-16 10:00:00'),
(1, 2, 'EXAM', 1, 78.00, 100, 78, '2024-11-16 10:00:00'),
(1, 6, 'HOMEWORK', 4, 88.00, 100, 88, '2024-10-26 09:00:00'),
(1, 6, 'EXAM', 3, 82.00, 100, 82, '2024-11-21 10:00:00'),
(1, 7, 'EXAM', 3, 75.00, 100, 75, '2024-11-21 10:00:00'),
-- 学生4 各知识点得分
(4, 1, 'HOMEWORK', 1, 92.00, 100, 92, '2024-10-21 13:30:00'),
(4, 2, 'HOMEWORK', 2, 90.00, 100, 90, '2024-11-11 09:30:00'),
(4, 1, 'EXAM', 1, 92.00, 100, 92, '2024-11-16 10:00:00'),
(4, 2, 'EXAM', 1, 88.00, 100, 88, '2024-11-16 10:00:00'),
(4, 6, 'HOMEWORK', 4, 94.00, 100, 94, '2024-10-26 08:30:00'),
(4, 6, 'EXAM', 3, 90.00, 100, 90, '2024-11-21 10:00:00'),
-- 学生11 各知识点得分
(11, 10, 'HOMEWORK', 6, 88.00, 100, 88, '2024-10-31 13:30:00'),
(11, 11, 'HOMEWORK', 7, 82.00, 100, 82, '2024-12-18 13:00:00'),
(11, 10, 'EXAM', 5, 88.00, 100, 88, '2024-11-19 10:00:00'),
(11, 11, 'EXAM', 5, 85.00, 100, 85, '2024-11-19 10:00:00');

-- =====================================================
-- 19. 成绩预测表 (V4 新增)
-- =====================================================
INSERT INTO score_prediction (student_id, course_id, exam_type, predicted_score, confidence_lower, confidence_upper, trend, factors, prediction_date, actual_score) VALUES
(1, 1, 'FINAL', 87.5, 82.0, 93.0, 'IMPROVING', 
 '{"homework_avg": 83.5, "midterm_score": 85, "activity_score": 85, "study_trend": "上升", "knowledge_mastery_rate": 0.82}',
 '2024-12-15 00:00:00', NULL),
(1, 2, 'FINAL', 83.0, 77.0, 89.0, 'STABLE',
 '{"homework_avg": 85, "midterm_score": 82, "activity_score": 80, "study_trend": "稳定", "knowledge_mastery_rate": 0.79}',
 '2024-12-15 00:00:00', NULL),
(2, 1, 'FINAL', 76.5, 70.0, 83.0, 'STABLE',
 '{"homework_avg": 76.5, "midterm_score": 78, "activity_score": 75, "study_trend": "稳定", "knowledge_mastery_rate": 0.70}',
 '2024-12-15 00:00:00', NULL),
(3, 1, 'FINAL', 65.0, 58.0, 72.0, 'DECLINING',
 '{"homework_avg": 70, "midterm_score": 68, "activity_score": 62, "study_trend": "下降", "knowledge_mastery_rate": 0.55}',
 '2024-12-15 00:00:00', NULL),
(4, 1, 'FINAL', 91.0, 86.0, 96.0, 'IMPROVING',
 '{"homework_avg": 91, "midterm_score": 92, "activity_score": 90, "study_trend": "上升", "knowledge_mastery_rate": 0.90}',
 '2024-12-15 00:00:00', NULL),
(4, 2, 'FINAL', 89.0, 84.0, 94.0, 'IMPROVING',
 '{"homework_avg": 94, "midterm_score": 90, "activity_score": 88, "study_trend": "上升", "knowledge_mastery_rate": 0.92}',
 '2024-12-15 00:00:00', NULL),
(6, 1, 'FINAL', 84.0, 78.0, 90.0, 'STABLE',
 '{"homework_avg": 87, "midterm_score": 88, "activity_score": 82, "study_trend": "稳定", "knowledge_mastery_rate": 0.84}',
 '2024-12-15 00:00:00', NULL),
(11, 3, 'FINAL', 86.0, 80.0, 92.0, 'STABLE',
 '{"homework_avg": 88, "midterm_score": 88, "activity_score": 88, "study_trend": "稳定", "knowledge_mastery_rate": 0.85}',
 '2024-12-15 00:00:00', NULL);

-- =====================================================
-- 20. 活跃度预警表 (V4 新增)
-- =====================================================
INSERT INTO activity_alert (student_id, class_id, semester_id, alert_type, alert_level, activity_score, threshold, details, is_resolved, created_at) VALUES
(3, 1, 1, 'LOW_ACTIVITY', 'WARNING', 62, 70, 
 '{"study_duration_avg": 35, "homework_completion_rate": 0.65, "last_activity": "2024-12-16", "missed_deadlines": 1, "suggestions": "建议增加每日学习时间至60分钟"}',
 FALSE, '2024-12-20 08:00:00'),
(7, 2, 1, 'DECLINING_TREND', 'INFO', 68, 75,
 '{"activity_score_prev": 75, "activity_score_current": 68, "decline_rate": 0.093, "study_duration_decline": 20, "suggestions": "学习时长下降，建议关注"}',
 FALSE, '2024-12-20 08:00:00'),
(5, 1, 1, 'NO_SUBMISSION', 'CRITICAL', 0, 60,
 '{"missed_homework": ["Java作业3"], "deadline": "2024-12-25", "course": "Java程序设计", "days_overdue": 0, "suggestions": "请尽快提交作业"}',
 FALSE, '2024-12-20 08:00:00');

-- =====================================================
-- 21. 班级高频错题统计表 (V4 新增)
-- =====================================================
INSERT INTO class_wrong_question_stats (class_id, knowledge_point_id, source_type, source_id, error_count, total_students, error_rate, rank_in_class, stat_date) VALUES
(1, 2, 'HOMEWORK', 2, 8, 10, 80.00, 1, '2024-11-15'),
(1, 7, 'EXAM', 3, 7, 10, 70.00, 2, '2024-11-21'),
(1, 3, 'HOMEWORK', 1, 6, 10, 60.00, 3, '2024-10-25'),
(2, 7, 'EXAM', 4, 6, 10, 60.00, 1, '2024-11-22'),
(2, 2, 'HOMEWORK', 2, 5, 10, 50.00, 2, '2024-11-15'),
(3, 11, 'HOMEWORK', 7, 4, 6, 66.67, 1, '2024-12-18'),
(1, 4, 'HOMEWORK', 3, 5, 10, 50.00, 4, '2024-12-20');